Lowongan Kerja di Karirhub Menurut Persyaratan Pengalaman Kerja Tahun 2022-2024,,,,,,
,,,,,,
Pengalaman Kerja,2022,,2023,,2024,
,Postingan Lowongan,Kuota Lowongan,Postingan Lowongan,Kuota Lowongan,Postingan Lowongan,Kuota Lowongan
tidak ada informasi,"2,688","163,718","6,003","179,884","5,126","209,916"
0-1 tahun,"1,833","45,836","1,807","109,202",2,12
1-4 tahun,"5,328","48,713","11,146","39,642","10,683","40,021"
4-7 tahun,707,"8,360",915,"4,939","1,170","1,991"
7-10 tahun,111,439,108,701,188,223
> 10 tahun,28,41,48,92,0,0
Total,"10,695","267,107","20,027","334,460","17,169","252,163"
,,,,,,
Sumebr: Karirhub,,,,,,